WAPE,Weighted_RMSE,MAPE_weighted,MAPE_unweighted,Total_sales,Total_rows
0.4252712552966179,4217.703941750665,0.30285704169480676,0.3033311439795953,368285251.0,60210
